{"meta": {"version": "7.3.2", "timestamp": "2025-11-11T21:32:49.459236", "branch_coverage": false, "show_contexts": false}, "files": {"src\\__init__.py": {"executed_lines": [1, 3], "summary": {"covered_lines": 1, "num_statements": 1, "percent_covered": 100.0, "percent_covered_display": "100.00", "missing_lines": 0, "excluded_lines": 0}, "missing_lines": [], "excluded_lines": []}, "src\\connectors\\__init__.py": {"executed_lines": [1, 3, 4, 6], "summary": {"covered_lines": 3, "num_statements": 3, "percent_covered": 100.0, "percent_covered_display": "100.00", "missing_lines": 0, "excluded_lines": 0}, "missing_lines": [], "excluded_lines": []}, "src\\connectors\\postgres_connector.py": {"executed_lines": [1, 6, 7, 8, 9, 10, 11, 12, 13, 15, 18, 19, 24, 37, 45, 47, 52, 53, 60, 61, 62, 63, 65, 68, 70, 71, 72, 81, 82, 83, 85, 98, 99, 101, 103, 104, 105, 106, 107, 108, 110, 122, 125, 127, 128, 129, 130, 131, 132, 135, 147, 151, 156, 157, 162, 172, 173, 175, 182, 184, 188, 190, 200, 208, 209, 210, 211, 213, 223, 224, 225, 226, 227, 229, 236, 237, 238, 239, 240, 241, 242, 243], "summary": {"covered_lines": 80, "num_statements": 94, "percent_covered": 85.1063829787234, "percent_covered_display": "85.11", "missing_lines": 14, "excluded_lines": 0}, "missing_lines": [66, 74, 75, 76, 77, 78, 79, 123, 133, 148, 149, 244, 245, 246], "excluded_lines": []}, "src\\connectors\\snowflake_connector.py": {"executed_lines": [1, 6, 7, 8, 9, 10, 12, 15, 16, 21, 39, 48, 49, 50, 53, 55, 56, 58, 63, 64, 69, 70, 71, 72, 73, 78, 79, 80, 82, 94, 96, 97, 99, 100, 103, 105, 106, 109, 111, 123, 125, 126, 128, 129, 131, 132, 133, 134, 135, 138, 139, 141, 142, 143, 146, 148, 160, 162, 163, 165, 166, 167, 168, 169, 172, 174, 181, 182, 183, 184, 185, 186, 187, 188], "summary": {"covered_lines": 72, "num_statements": 79, "percent_covered": 91.13924050632912, "percent_covered_display": "91.14", "missing_lines": 7, "excluded_lines": 0}, "missing_lines": [51, 74, 75, 76, 189, 190, 191], "excluded_lines": []}, "src\\tasks\\__init__.py": {"executed_lines": [1, 3, 4, 6], "summary": {"covered_lines": 3, "num_statements": 3, "percent_covered": 100.0, "percent_covered_display": "100.00", "missing_lines": 0, "excluded_lines": 0}, "missing_lines": [], "excluded_lines": []}, "src\\tasks\\base_task.py": {"executed_lines": [1, 6, 7, 8, 9, 11, 14, 15, 20, 27, 28, 29, 30, 32, 33, 43, 50, 51, 52, 54, 56, 57, 59, 60, 62, 63, 64, 65, 67, 76, 77, 78, 80, 81, 82, 83, 84, 86, 95, 103, 104, 105, 107], "summary": {"covered_lines": 39, "num_statements": 39, "percent_covered": 100.0, "percent_covered_display": "100.00", "missing_lines": 0, "excluded_lines": 4}, "missing_lines": [], "excluded_lines": [32, 33, 34, 41]}, "src\\tasks\\task_01_copy_to_temp.py": {"executed_lines": [1, 15, 16, 17, 18, 19, 21, 22, 23, 24, 27, 28, 38, 48, 49, 50, 52, 59, 62, 63, 64, 67, 68, 69, 72, 73, 74, 77, 78, 79, 81, 83, 96, 111, 112, 113, 115, 116, 119, 123, 126, 127, 130, 134, 136, 139, 140, 141, 142, 143, 145, 149, 152, 162, 163, 165, 167, 168, 169, 172, 173, 175, 176, 186, 187, 188, 189, 190, 196, 197, 211, 213, 215, 217, 219, 221, 233, 234, 235, 237, 240, 242, 377, 378, 379, 380, 381, 383, 384, 386, 393, 398, 399], "summary": {"covered_lines": 91, "num_statements": 91, "percent_covered": 100.0, "percent_covered_display": "100.00", "missing_lines": 0, "excluded_lines": 0}, "missing_lines": [], "excluded_lines": []}, "src\\utils\\__init__.py": {"executed_lines": [1, 3, 5], "summary": {"covered_lines": 2, "num_statements": 2, "percent_covered": 100.0, "percent_covered_display": "100.00", "missing_lines": 0, "excluded_lines": 0}, "missing_lines": [], "excluded_lines": []}, "src\\utils\\logger.py": {"executed_lines": [1, 5, 6, 7, 8, 11, 12, 15, 16, 19, 29, 32, 33, 36, 37, 38, 39, 40, 43, 44, 45, 46, 47, 50, 52], "summary": {"covered_lines": 24, "num_statements": 24, "percent_covered": 100.0, "percent_covered_display": "100.00", "missing_lines": 0, "excluded_lines": 0}, "missing_lines": [], "excluded_lines": []}}, "totals": {"covered_lines": 315, "num_statements": 336, "percent_covered": 93.75, "percent_covered_display": "93.75", "missing_lines": 21, "excluded_lines": 4}}